,Jahr,"Mauna Loa, Hawaii",Schauinsland,Zugspitze,Welttrend WMO
0,1957.5,,,,
1,1957.58333333333,,,,
2,1957.66666666667,315.7,,,
3,1957.75,317.45,,,
4,1957.83333333332,317.51,,,
5,1957.91666666665,317.24,,,
6,1957.99999999998,315.86,,,
7,1958.08333333331,314.93,,,
8,1958.16666666664,313.2,,,
9,1958.24999999997,312.43,,,
10,1958.3333333333,313.33,,,
11,1958.41666666663,314.67,,,
12,1959.0,315.58,,,
13,1958.58333333329,316.48,,,
14,1958.66666666662,316.65,,,
15,1958.74999999995,317.72,,,
16,1958.83333333328,318.29,,,
17,1958.91666666661,318.15,,,
18,1958.99999999994,316.54,,,
19,1959.08333333327,314.8,,,
20,1959.1666666666,313.84,,,
21,1959.24999999993,313.33,,,
22,1959.33333333326,314.81,,,
23,1959.41666666659,315.58,,,
24,1959.5,316.43,,,
25,1959.58333333333,316.98,,,
26,1959.66666666667,317.58,,,
27,1959.75,319.03,,,
28,1959.83333333333,320.04,,,
29,1959.91666666667,319.59,,,
30,1960.0,318.18,,,
31,1960.08333333333,315.9,,,
32,1960.16666666667,314.17,,,
33,1960.25,313.83,,,
34,1960.33333333333,315.0,,,
35,1960.41666666667,316.19,,,
36,1960.50000000007,316.89,,,
37,1960.58333333341,317.7,,,
38,1960.66666666675,318.54,,,
39,1960.75000000009,319.48,,,
40,1960.83333333343,320.58,,,
41,1960.91666666677,319.77,,,
42,1961.00000000011,318.57,,,
43,1961.08333333345,316.79,,,
44,1961.16666666679,314.99,,,
45,1961.25000000013,315.31,,,
46,1961.33333333347,316.1,,,
47,1961.41666666681,317.01,,,
48,1961.50000000015,317.94,,,
49,1961.58333333349,318.55,,,
50,1961.66666666683,319.68,,,
51,1961.75000000017,320.57,,,
52,1961.83333333351,321.02,,,
53,1961.91666666685,320.62,,,
54,1962.00000000019,319.61,,,
55,1962.08333333353,317.4,,,
56,1962.16666666687,316.25,,,
57,1962.25000000021,315.42,,,
58,1962.33333333355,316.69,,,
59,1962.41666666689,317.7,,,
60,1962.50000000022,318.74,,,
61,1962.58333333356,319.07,,,
62,1962.6666666669,319.86,,,
63,1962.75000000024,321.38,,,
64,1962.83333333358,322.25,,,
65,1962.91666666692,321.48,,,
66,1963.00000000026,319.74,,,
67,1963.0833333336,317.77,,,
68,1963.16666666694,316.21,,,
69,1963.25000000028,315.99,,,
70,1963.33333333362,317.07,,,
71,1963.41666666696,318.35,,,
72,1963.5000000003,319.57,,,
73,1963.58333333364,320.01,,,
74,1963.66666666698,320.74,,,
75,1963.75000000032,321.84,,,
76,1963.83333333366,322.26,,,
77,1963.916666667,321.89,,,
78,1964.00000000034,320.44,,,
79,1964.08333333368,318.69,,,
80,1964.16666666702,316.7,,,
81,1964.25000000036,316.87,,,
82,1964.3333333337,317.68,,,
83,1964.41666666704,318.71,,,
84,1964.50000000038,319.44,,,
85,1964.58333333372,320.44,,,
86,1964.66666666706,320.89,,,
87,1964.7500000004,322.14,,,
88,1964.83333333374,322.17,,,
89,1964.91666666708,321.87,,,
90,1965.00000000042,321.21,,,
91,1965.08333333376,318.87,,,
92,1965.1666666671,317.81,,,
93,1965.25000000044,317.3,,,
94,1965.33333333378,318.87,,,
95,1965.41666666712,319.42,,,
96,1965.50000000046,320.62,,,
97,1965.5833333338,321.6,,,
98,1965.66666666714,322.39,,,
99,1965.75000000048,323.7,,,
100,1965.83333333382,324.08,,,
101,1965.91666666716,323.75,,,
102,1966.0000000005,322.38,,,
103,1966.08333333384,320.36,,,
104,1966.16666666718,318.64,,,
105,1966.25000000052,318.1,,,
106,1966.33333333386,319.78,,,
107,1966.4166666672,321.03,,,
108,1966.50000000054,322.33,,,
109,1966.58333333388,322.5,,,
110,1966.66666666722,323.04,,,
111,1966.75000000056,324.42,,,
112,1966.8333333339,325.0,,,
113,1966.91666666724,324.09,,,
114,1967.00000000058,322.54,,,
115,1967.08333333392,320.92,,,
116,1967.16666666726,319.25,,,
117,1967.2500000006,319.39,,,
118,1967.33333333394,320.73,,,
119,1967.41666666728,321.96,,,
120,1967.5,322.57,,,
121,1967.5833333333333,323.15,,,
122,1967.6666666666667,323.89,,,
123,1967.75,325.02,,,
124,1967.8333333333333,325.57,,,
125,1967.9166666666667,325.36,,,
126,1968.0,324.14,,,
127,1968.0833333333333,322.11,,,
128,1968.1666666666667,320.33,,,
129,1968.25,320.25,,,
130,1968.3333333333333,321.32,,,
131,1968.4166666666667,322.89,,,
132,1968.5,324.0,,,
133,1968.5833333333333,324.42,,,
134,1968.6666666666667,325.63,,,
135,1968.75,326.66,,,
136,1968.8333333333333,327.38,,,
137,1968.9166666666667,326.71,,,
138,1969.0,325.88,,,
139,1969.0833333333333,323.66,,,
140,1969.1666666666667,322.38,,,
141,1969.25,321.78,,,
142,1969.3333333333333,322.86,,,
143,1969.4166666666667,324.12,,,
144,1969.5,325.06,,,
145,1969.5833333333333,325.98,,,
146,1969.6666666666667,326.93,,,
147,1969.75,328.13,,,
148,1969.8333333333333,328.08,,,
149,1969.9166666666667,327.67,,,
150,1970.0,326.34,,,
151,1970.0833333333333,324.69,,,
152,1970.1666666666667,323.1,,,
153,1970.25,323.06,,,
154,1970.3333333333333,324.01,,,
155,1970.4166666666667,325.13,,,
156,1970.5,326.17,,,
157,1970.5833333333333,326.68,,,
158,1970.6666666666667,327.17,,,
159,1970.75,327.79,,,
160,1970.8333333333333,328.93,,,
161,1970.9166666666667,328.57,,,
162,1971.0,327.36,,,
163,1971.0833333333333,325.43,,,
164,1971.1666666666667,323.36,,,
165,1971.25,323.56,,,
166,1971.3333333333333,324.8,,,
167,1971.4166666666667,326.01,,,
168,1971.5,326.77,335.33,,
169,1971.5833333333333,327.63,339.1,,
170,1971.6666666666667,327.75,337.12,,
171,1971.75,329.72,334.96,,
172,1971.8333333333333,330.07,329.51,,
173,1971.9166666666667,329.09,325.55,,
174,1972.0,328.04,328.09,,
175,1972.0833333333333,326.32,322.23,,
176,1972.1666666666667,324.84,321.85,,
177,1972.25,325.2,329.18,,
178,1972.3333333333333,326.5,328.78,,
179,1972.4166666666667,327.55,331.39,,
180,1972.5,328.55,334.66,,
181,1972.5833333333333,329.56,335.34,,
182,1972.6666666666667,330.3,335.56,,
183,1972.75,331.5,335.47,,
184,1972.8333333333333,332.48,328.96,,
185,1972.9166666666667,332.07,324.92,,
186,1973.0,330.87,323.03,,
187,1973.0833333333333,329.31,324.5,,
188,1973.1666666666667,327.51,326.05,,
189,1973.25,327.18,331.08,,
190,1973.3333333333333,328.16,333.16,,
191,1973.4166666666667,328.64,335.32,,
192,1973.5,329.35,333.94,,
193,1973.5833333333333,330.71,340.77,,
194,1973.6666666666667,331.48,340.09,,
195,1973.75,332.65,335.95,,
196,1973.8333333333333,333.19,331.16,,
197,1973.9166666666667,332.2,327.35,,
198,1974.0,331.07,324.88,,
199,1974.0833333333333,329.15,327.92,,
200,1974.1666666666667,327.33,327.01,,
201,1974.25,327.28,332.76,,
202,1974.3333333333333,328.31,333.84,,
203,1974.4166666666667,329.58,332.61,,
204,1974.5,330.73,333.13,,
205,1974.5833333333333,331.46,335.28,,
206,1974.6666666666667,331.94,340.02,,
207,1974.75,333.11,338.97,,
208,1974.8333333333333,333.95,332.98,,
209,1974.9166666666667,333.42,328.7,,
210,1975.0,331.97,321.32,,
211,1975.0833333333333,329.95,325.99,,
212,1975.1666666666667,328.5,328.25,,
213,1975.25,328.36,333.65,,
214,1975.3333333333333,329.38,340.69,,
215,1975.4166666666667,330.62,337.07,,
216,1975.5,331.56,339.6,,
217,1975.5833333333333,332.74,344.04,,
218,1975.6666666666667,333.36,338.43,,
219,1975.75,334.74,338.24,,
220,1975.8333333333333,334.72,330.69,,
221,1975.9166666666667,333.98,326.37,,
222,1976.0,333.08,328.41,,
223,1976.0833333333333,330.68,323.46,,
224,1976.1666666666667,328.96,326.8,,
225,1976.25,328.72,334.17,,
226,1976.3333333333333,330.16,339.04,,
227,1976.4166666666667,331.62,337.74,,
228,1976.5,332.68,340.64,,
229,1976.5833333333333,333.17,337.99,,
230,1976.6666666666667,334.96,336.27,,
231,1976.75,336.14,338.88,,
232,1976.8333333333333,336.93,333.83,,
233,1976.9166666666667,336.17,330.4,,
234,1977.0,334.88,323.05,,
235,1977.0833333333333,332.56,325.72,,
236,1977.1666666666667,331.29,327.62,,
237,1977.25,331.28,334.27,,
238,1977.3333333333333,332.46,337.67,,
239,1977.4166666666667,333.6,339.42,,
240,1977.5,334.94,343.7,,
241,1977.5833333333333,335.26,345.48,,
242,1977.6666666666667,336.66,341.76,,
243,1977.75,337.69,344.36,,
244,1977.8333333333333,338.02,340.08,,
245,1977.9166666666667,338.01,331.34,,
246,1978.0,336.5,326.07,,
247,1978.0833333333333,334.42,325.01,,
248,1978.1666666666667,332.36,327.26,,
249,1978.25,332.45,336.2,,
250,1978.3333333333333,333.76,338.43,,
251,1978.4166666666667,334.91,342.08,,
252,1978.5,336.14,345.28,,
253,1978.5833333333333,336.69,349.86,,
254,1978.6666666666667,338.27,341.14,,
255,1978.75,338.82,341.32,,
256,1978.8333333333333,339.24,334.96,,
257,1978.9166666666667,339.26,331.19,,
258,1979.0,337.54,325.08,,
259,1979.0833333333333,335.72,327.01,,
260,1979.1666666666667,333.98,329.55,,
261,1979.25,334.24,337.98,,
262,1979.3333333333333,335.32,340.34,,
263,1979.4166666666667,336.81,342.2,,
264,1979.5,337.9,345.86,,
265,1979.5833333333333,338.34,344.78,,
266,1979.6666666666667,340.07,348.23,,
267,1979.75,340.93,344.79,,
268,1979.8333333333333,341.45,339.34,,
269,1979.9166666666667,341.36,334.92,,
270,1980.0,339.45,331.5,,
271,1980.0833333333333,337.67,330.19,,
272,1980.1666666666667,336.25,331.59,,
273,1980.25,336.14,338.32,,
274,1980.3333333333333,337.3,344.14,,
275,1980.4166666666667,338.29,342.8,,
276,1980.5,339.29,345.74,,
277,1980.5833333333333,340.55,348.21,341.3,
278,1980.6666666666667,341.63,345.01,341.6666666666667,
279,1980.75,342.6,348.95,343.1666666666667,
280,1980.8333333333333,343.04,340.67,342.5,
281,1980.9166666666667,342.54,336.02,340.3,
282,1981.0,340.82,333.52,336.23333333333335,
283,1981.0833333333333,338.48,333.89,334.43333333333334,
284,1981.1666666666667,336.95,,335.2,
285,1981.25,337.05,,337.3,
286,1981.3333333333333,338.58,,338.7,
287,1981.4166666666667,339.91,348.45,340.2,
288,1981.5,340.93,347.39,341.0,
289,1981.5833333333333,341.76,352.44,341.8333333333333,
290,1981.6666666666667,342.78,348.88,342.4666666666667,
291,1981.75,343.96,350.17,342.6333333333334,
292,1981.8333333333333,344.77,343.8,340.43333333333334,
293,1981.9166666666667,343.88,338.99,337.6666666666667,
294,1982.0,342.42,338.75,334.93333333333334,
295,1982.0833333333333,340.24,333.82,334.7333333333333,
296,1982.1666666666667,338.38,338.42,335.03333333333336,
297,1982.25,338.41,,338.6666666666667,
298,1982.3333333333333,339.44,,341.90000000000003,
299,1982.4166666666667,340.78,,344.3,
300,1982.5,341.57,347.17,345.4333333333334,
301,1982.5833333333333,342.78,353.31,346.0333333333333,
302,1982.6666666666667,343.37,350.39,347.0333333333333,
303,1982.75,345.4,346.95,346.1000000000001,
304,1982.8333333333333,346.14,344.81,344.70000000000005,
305,1982.9166666666667,345.76,340.53,341.8666666666666,
306,1983.0,344.32,340.11,339.06666666666666,
307,1983.0833333333333,342.51,338.89,338.09999999999997,
308,1983.1666666666667,340.46,336.8,339.23333333333335,
309,1983.25,340.53,343.25,341.1666666666667,
310,1983.3333333333333,341.79,348.11,343.23333333333335,
311,1983.4166666666667,343.2,348.99,345.0233333333333,
312,1983.5,344.21,349.94,347.01666666666665,345.14
313,1983.5833333333333,344.92,355.2,348.7733333333333,345.59
314,1983.6666666666667,345.68,356.65,350.41333333333336,345.8
315,1983.75,347.14,355.65,350.16,345.81
316,1983.8333333333333,347.77,348.01,346.58,345.31
317,1983.9166666666667,347.16,340.32,342.06,344.15
318,1984.0,345.79,338.38,339.5833333333333,342.52
319,1984.0833333333333,343.74,338.6,339.91,341.52
320,1984.1666666666667,341.59,340.41,341.42333333333335,341.99
321,1984.25,341.86,343.82,343.7033333333334,343.46
322,1984.3333333333333,343.31,347.56,346.3666666666666,344.93
323,1984.4166666666667,345.0,350.56,349.1266666666667,345.91
324,1984.5,345.48,355.84,349.66333333333336,346.51
325,1984.5833333333333,346.41,353.24,350.3533333333333,346.9
326,1984.6666666666667,347.91,355.99,349.0933333333333,347.18
327,1984.75,348.66,351.26,348.3433333333333,347.16
328,1984.8333333333333,349.28,347.16,345.24666666666667,346.73
329,1984.9166666666667,348.65,340.82,341.9866666666667,345.59
330,1985.0,346.91,339.18,338.99666666666667,343.98
331,1985.0833333333333,345.26,337.19,337.62,342.96
332,1985.1666666666667,343.47,339.1,338.8666666666666,343.38
333,1985.25,343.35,344.95,342.6133333333333,344.9
334,1985.3333333333333,344.73,356.18,345.48,346.4
335,1985.4166666666667,346.12,349.78,347.99333333333334,347.32
336,1985.5,346.78,352.28,349.4666666666667,347.94
337,1985.5833333333333,347.48,362.53,350.68,348.4
338,1985.6666666666667,348.25,358.32,351.1366666666666,348.61
339,1985.75,349.86,355.8,349.18,348.61
340,1985.8333333333333,350.52,348.39,347.17,348.19
341,1985.9166666666667,349.98,343.33,343.35666666666674,347.09
342,1986.0,348.25,339.45,341.63,345.44
343,1986.0833333333333,346.17,338.65,339.275,344.45
344,1986.1666666666667,345.48,339.99,342.17999999999995,344.91
345,1986.25,344.82,346.04,344.02666666666664,346.43
346,1986.3333333333333,346.22,350.32,347.53333333333336,347.9
347,1986.4166666666667,347.48,352.05,349.77333333333337,348.74
348,1986.5,348.73,361.68,351.10666666666674,349.35
349,1986.5833333333333,348.92,361.18,352.1000000000001,349.79
350,1986.6666666666667,349.81,358.24,352.85999999999996,350.09
351,1986.75,351.4,353.91,352.82,350.22
352,1986.8333333333333,352.15,349.53,351.2333333333333,349.93
353,1986.9166666666667,351.58,347.55,348.4433333333333,348.96
354,1987.0,350.21,345.72,346.0566666666667,347.41
355,1987.0833333333333,348.2,342.59,345.51666666666665,346.45
356,1987.1666666666667,346.66,345.6,346.49666666666667,346.93
357,1987.25,346.72,349.08,348.8,348.46
358,1987.3333333333333,348.08,356.26,350.56333333333333,349.98
359,1987.4166666666667,349.28,358.72,351.40333333333336,351.02
360,1987.5,350.51,354.37,351.3866666666667,351.71
361,1987.5833333333333,351.7,358.58,352.0333333333333,352.2
362,1987.6666666666667,352.5,357.84,353.2,352.47
363,1987.75,353.67,357.57,352.26666666666665,352.6
364,1987.8333333333333,354.35,351.88,349.59999999999997,352.24
365,1987.9166666666667,353.88,346.86,346.8333333333333,351.17
366,1988.0,352.8,345.08,346.43333333333334,349.67
367,1988.0833333333333,350.49,343.85,347.43333333333334,348.77
368,1988.1666666666667,348.97,347.42,348.8999999999999,349.28
369,1988.25,349.37,353.59,351.1666666666667,350.83
370,1988.3333333333333,350.42,356.97,353.23333333333335,352.24
371,1988.4166666666667,351.62,358.68,354.50333333333333,353.2
372,1988.5,353.07,356.8,355.04333333333335,353.87
373,1988.5833333333333,353.43,357.56,355.66,354.28
374,1988.6666666666667,354.08,357.87,356.7633333333333,354.48
375,1988.75,355.72,358.12,356.21,354.47
376,1988.8333333333333,355.95,349.93,354.8033333333333,353.98
377,1988.9166666666667,355.44,346.39,351.74666666666667,352.83
378,1989.0,354.05,349.29,349.2266666666667,351.27
379,1989.0833333333333,351.84,349.63,347.85666666666674,350.27
380,1989.1666666666667,350.09,350.95,348.8966666666667,350.71
381,1989.25,350.33,354.06,352.16333333333336,352.16
382,1989.3333333333333,351.55,357.65,355.31333333333333,353.58
383,1989.4166666666667,352.91,358.36,356.4912299,354.45
384,1989.5,353.86,358.17,356.5660193666667,355.01
385,1989.5833333333333,355.1,358.55,356.46235270000005,355.38
386,1989.6666666666667,355.75,361.15,357.56314133333336,355.61
387,1989.75,356.38,360.28,357.0119750666667,355.57
388,1989.8333333333333,357.38,352.08,355.60002103333335,355.12
389,1989.9166666666667,356.39,351.52,352.53889496666665,353.95
390,1990.0,354.89,348.38,350.0107018666667,352.35
391,1990.0833333333333,353.06,349.8,348.64561146666665,351.37
392,1990.1666666666667,351.38,349.13,349.6967727666667,351.86
393,1990.25,351.69,356.14,352.9743275,353.38
394,1990.3333333333333,353.14,360.85,356.12119243333336,354.83
395,1990.4166666666667,354.41,363.3,357.4709720000001,355.75
396,1990.5,354.93,361.32,358.6724933333333,356.35
397,1990.5833333333333,355.82,366.9,359.1111889666667,356.82
398,1990.6666666666667,357.33,364.6,360.01055103333334,357.05
399,1990.75,358.77,362.37,359.1131846666667,357.0
400,1990.8333333333333,359.23,359.77,357.2882241,356.59
401,1990.9166666666667,358.23,354.59,354.3196830333333,355.42
402,1991.0,356.3,349.72,351.5459948333334,353.71
403,1991.0833333333333,353.97,350.25,350.4902503666667,352.61
404,1991.1666666666667,352.34,353.52,351.3375422666666,353.03
405,1991.25,352.43,355.92,353.4464906666667,354.48
406,1991.3333333333333,353.89,361.18,355.3809484,355.88
407,1991.4166666666667,355.21,360.38,356.9739054,356.67
408,1991.5,356.34,363.65,358.0913559666667,357.22
409,1991.5833333333333,357.21,363.22,359.2382161666667,357.54
410,1991.6666666666667,357.97,364.39,360.10880103333335,357.76
411,1991.75,359.22,361.85,359.20736983333336,357.8
412,1991.8333333333333,359.71,356.84,357.1817346333333,357.36
413,1991.9166666666667,359.43,352.34,353.7720281333333,356.11
414,1992.0,357.15,350.22,351.6086087666667,354.47
415,1992.0833333333333,354.99,350.23,350.51143636666666,353.41
416,1992.1666666666667,353.01,349.06,352.2681063666667,353.67
417,1992.25,353.41,358.5,354.3356508,355.18
418,1992.3333333333333,354.42,356.67,356.3643422,356.45
419,1992.4166666666667,355.68,360.87,357.57804113333333,357.3
420,1992.5,357.1,360.75,359.0051911333333,357.89
421,1992.5833333333333,357.42,363.22,360.4235654,358.23
422,1992.6666666666667,358.59,366.86,360.91457536666667,358.54
423,1992.75,359.39,362.95,360.0998701666667,358.55
424,1992.8333333333333,360.3,357.89,358.3586973666667,358.01
425,1992.9166666666667,359.64,354.26,355.7159347,356.82
426,1993.0,357.46,350.92,353.4763755666667,355.2
427,1993.0833333333333,355.76,349.78,352.3432501666667,354.25
428,1993.1666666666667,354.14,353.28,353.4023214666667,354.64
429,1993.25,354.23,359.15,355.6475461333334,356.16
430,1993.3333333333333,355.53,363.51,357.7375217333333,357.55
431,1993.4166666666667,357.03,362.79,359.06079973333334,358.47
432,1993.5,358.36,363.5,360.43821640000004,359.22
433,1993.5833333333333,359.04,368.7,360.99962103333337,359.74
434,1993.6666666666667,360.11,362.72,361.73633820000003,359.94
435,1993.75,361.36,364.15,360.9080839666667,359.94
436,1993.8333333333333,361.78,360.1,359.88188149999996,359.47
437,1993.9166666666667,360.94,355.81,357.27491183333336,358.32
438,1994.0,359.51,354.28,355.04281066666664,356.77
439,1994.0833333333333,357.59,352.58,353.92669213333335,355.82
440,1994.1666666666667,355.86,353.74,354.7367566333334,356.16
441,1994.25,356.21,359.02,356.4755644,357.78
442,1994.3333333333333,357.65,364.13,357.5816244,359.27
443,1994.4166666666667,359.1,364.34,358.4195714,360.22
444,1994.5,360.04,365.48,362.3,360.88
445,1994.5833333333333,361.0,364.43,362.75,361.36
446,1994.6666666666667,361.98,365.84,363.26666666666665,361.62
447,1994.75,363.44,366.6,362.9666666666667,361.71
448,1994.8333333333333,363.83,361.4,362.85,361.28
449,1994.9166666666667,363.33,358.01,361.4,360.1
450,1995.0,361.78,356.4,353.6,358.59
451,1995.0833333333333,359.33,355.39,354.15,357.58
452,1995.1666666666667,358.32,356.17,355.1333333333334,358.15
453,1995.25,358.14,362.5,357.8666666666666,359.79
454,1995.3333333333333,359.61,365.56,360.9333333333334,361.33
455,1995.4166666666667,360.82,370.27,362.9666666666667,362.28
456,1995.5,362.2,367.97,364.7,362.93
457,1995.5833333333333,363.36,373.37,365.6666666666667,363.4
458,1995.6666666666667,364.28,374.76,366.9,363.54
459,1995.75,364.69,371.16,365.20000000000005,363.54
460,1995.8333333333333,365.25,367.21,361.5,363.17
461,1995.9166666666667,365.06,359.72,360.1333333333334,362.03
462,1996.0,363.69,355.87,357.2333333333333,360.53
463,1996.0833333333333,361.55,356.42,356.1666666666667,359.42
464,1996.1666666666667,359.69,357.85,357.2,359.71
465,1996.25,359.72,365.28,359.8,361.22
466,1996.3333333333333,361.04,367.86,361.9666666666667,362.53
467,1996.4166666666667,362.39,370.09,363.3,363.39
468,1996.5,363.24,371.13,364.1000000000001,364.07
469,1996.5833333333333,364.21,367.96,365.26666666666665,364.41
470,1996.6666666666667,364.65,369.34,366.0666666666666,364.57
471,1996.75,366.49,368.5,365.8999999999999,364.71
472,1996.8333333333333,366.77,364.95,364.1333333333334,364.35
473,1996.9166666666667,365.73,360.37,360.56666666666666,363.08
474,1997.0,364.46,356.02,357.46666666666664,361.44
475,1997.0833333333333,362.4,358.31,355.90000000000003,360.41
476,1997.1666666666667,360.44,358.13,357.3,360.88
477,1997.25,360.98,363.65,360.0333333333333,362.57
478,1997.3333333333333,362.65,367.53,363.93333333333334,364.15
479,1997.4166666666667,364.51,372.68,366.4666666666667,365.18
480,1997.5,365.39,371.69,367.95,365.95
481,1997.5833333333333,366.1,371.46,368.95,366.45
482,1997.6666666666667,367.36,372.16,369.79999999999995,366.8
483,1997.75,368.79,369.89,368.63333333333327,366.98
484,1997.8333333333333,369.56,366.26,367.1333333333334,366.73
485,1997.9166666666667,369.13,363.23,365.85,365.84
486,1998.0,367.98,362.38,365.4,364.43
487,1998.0833333333333,366.1,361.5,,363.55
488,1998.1666666666667,364.16,363.52,,364.06
489,1998.25,364.54,369.7,,365.75
490,1998.3333333333333,365.67,373.85,,367.22
491,1998.4166666666667,367.3,373.28,370.6,368.13
492,1998.5,368.35,373.76,371.5,368.8
493,1998.583333333333,369.28,376.27,371.90000000000003,369.26
494,1998.6666666666663,369.84,375.42,372.59999999999997,369.48
495,1998.75,371.15,373.13,371.8,369.46
496,1998.8333333333328,371.12,367.9,369.4333333333334,368.99
497,1998.916666666666,370.46,364.74,365.6666666666667,367.78
498,1999.0,369.61,363.13,363.1333333333334,366.14
499,1999.0833333333326,367.06,362.8,362.3999999999999,365.17
500,1999.1666666666658,364.95,364.5,363.9666666666667,365.68
501,1999.25,365.52,368.84,367.7,367.14
502,1999.3333333333323,366.88,376.66,369.85,368.69
503,1999.4166666666656,368.26,372.8,373.0,369.6
504,1999.5,369.45,377.23,372.54999999999995,370.28
505,1999.58333333333,369.71,374.92,373.0,370.63
506,1999.66666666666,370.75,375.63,373.3333333333333,370.78
507,1999.74999999999,371.98,374.82,373.65,370.81
508,1999.83333333333,371.74,370.56,373.4,370.34
509,1999.91666666666,371.87,366.92,364.5,369.24
510,1999.99999999999,370.02,364.54,364.65,367.73
511,2000.08333333332,368.27,364.27,364.8,366.7
512,2000.16666666666,367.15,365.64,366.1333333333334,367.14
513,2000.24999999999,367.18,370.35,368.2,368.76
514,2000.33333333332,368.53,372.88,370.5,370.24
515,2000.41666666665,369.83,373.78,371.5,371.2
516,2000.5833333333,370.76,376.68,373.95,371.81
517,2000.66666666663,371.69,377.76,375.54999999999995,372.09
518,2000.74999999996,372.63,375.99,375.5,372.3
519,2000.83333333329,373.55,375.71,374.0,372.32
520,2000.91666666662,374.03,370.54,372.2,371.84
521,2000.99999999995,373.4,369.47,369.0,370.72
522,2001.08333333328,371.68,365.66,366.7,369.15
523,2001.16666666661,369.78,364.92,365.1333333333334,368.16
524,2001.24999999994,368.34,365.82,366.1666666666667,368.66
525,2001.33333333327,368.61,371.87,368.93333333333334,370.31
526,2001.4166666666,369.94,376.52,372.1333333333334,371.74
527,2001.49999999993,371.42,378.85,374.23333333333335,372.71
528,2001.58333333326,372.7,377.6,375.3,373.37
529,2001.66666666659,373.37,378.07,377.16,373.84
530,2001.74999999992,374.3,379.59,378.42,374.02
531,2001.83333333325,375.19,378.55,378.73,374.11
532,2001.91666666658,375.93,374.11,375.42,373.73
533,2001.99999999991,375.69,374.35,372.54,372.63
534,2002.08333333324,374.16,368.01,367.89,371.18
535,2002.16666666657,372.03,368.44,367.71,370.29
536,2002.2499999999,370.93,369.35,368.89,370.74
537,2002.33333333323,370.73,374.51,372.9,372.46
538,2002.41666666656,372.43,377.8,375.43,373.91
539,2002.49999999993,373.98,382.4,378.05,374.89
540,2002.58333333326,375.07,381.97,379.71,375.61
541,2002.66666666659,375.82,384.69,379.96,376.13
542,2002.74999999992,376.64,382.09,380.87,376.43
543,2002.83333333325,377.92,381.74,380.6,376.62
544,2002.91666666658,378.78,375.83,377.22,376.25
545,2002.99999999991,378.46,374.01,374.55,375.19
546,2003.08333333324,376.88,370.7,370.52,373.7
547,2003.16666666657,374.57,375.05,372.69,372.89
548,2003.2499999999,373.34,371.32,370.92,373.18
549,2003.33333333323,373.31,377.46,377.21,374.72
550,2003.41666666656,374.84,380.96,378.91,376.17
551,2003.49999999993,376.17,382.42,379.44,377.1
552,2003.58333333326,377.17,384.1,381.44,377.77
553,2003.66666666659,378.05,384.56,382.7,378.29
554,2003.74999999992,379.05,386.4,383.53,378.51
555,2003.83333333325,380.54,382.51,381.84,378.47
556,2003.91666666658,380.8,377.96,378.75,378.03
557,2003.99999999991,379.87,374.84,375.99,376.94
558,2004.08333333324,377.65,373.44,372.61,375.35
559,2004.16666666657,376.17,370.97,370.51,374.29
560,2004.2499999999,374.43,371.53,372.03,374.66
561,2004.33333333323,374.63,377.56,376.39,376.23
562,2004.41666666656,376.33,384.1,,377.8
563,2004.49999999993,377.68,382.89,379.97,378.76
564,2004.58333333326,378.63,385.19,382.64,379.51
565,2004.66666666659,379.91,391.64,386.66,380.05
566,2004.74999999992,380.95,387.91,385.58,380.31
567,2004.83333333325,382.48,385.11,384.54,380.4
568,2004.91666666658,382.64,381.35,381.54,380.09
569,2004.99999999991,382.4,378.63,379.37,379.1
570,2005.08333333324,380.93,374.67,374.54,377.45
571,2005.16666666657,378.93,372.93,371.98,376.48
572,2005.2499999999,376.89,377.02,375.84,377.03
573,2005.33333333323,377.19,381.51,378.66,378.59
574,2005.41666666656,378.54,385.11,383.15,380.2
575,2005.49999999993,380.31,387.69,384.5,381.31
576,2005.58333333326,381.58,387.26,384.8,381.98
577,2005.66666666659,382.4,391.82,386.35,382.46
578,2005.74999999992,382.86,391.5,387.29,382.69
579,2005.83333333325,384.8,387.29,386.49,382.69
580,2005.91666666658,385.22,383.02,383.73,382.23
581,2005.99999999991,384.24,378.5,379.74,381.1
582,2006.08333333324,382.65,377.99,378.1,379.59
583,2006.16666666657,380.6,373.81,374.5,378.51
584,2006.2499999999,379.04,378.37,377.46,378.95
585,2006.33333333323,379.33,381.45,379.22,380.45
586,2006.41666666656,380.35,384.77,382.03,381.96
587,2006.49999999993,382.02,386.5,383.67,382.86
588,2006.58333333326,383.1,388.67,385.61,383.55
589,2006.66666666659,384.12,389.23,386.97,384.07
590,2006.74999999992,384.81,390.67,388.18,384.35
591,2006.83333333325,386.73,387.0,385.33,384.37
592,2006.91666666658,386.78,383.98,384.09,384.06
593,2006.99999999991,386.33,381.04,380.4,382.96
594,2007.08333333324,384.73,377.79,379.28,381.43
595,2007.16666666657,382.24,377.16,377.3,380.4
596,2007.2499999999,381.2,377.73,378.04,380.95
597,2007.33333333323,381.37,388.63,383.85,382.6
598,2007.41666666656,382.7,389.44,386.53,383.98
599,2007.49999999993,384.19,389.74,387.63,385.07
600,2007.58333333326,385.78,391.7,388.68,385.92
601,2007.66666666659,386.06,391.44,389.18,386.36
602,2007.74999999992,386.28,391.98,391.76,386.61
603,2007.83333333325,387.33,391.99,392.71,386.66
604,2007.91666666658,388.78,385.69,387.03,386.16
605,2007.99999999991,387.99,382.47,383.94,385.05
606,2008.08333333324,386.6,379.18,380.6,383.36
607,2008.16666666657,384.32,376.32,378.57,382.3
608,2008.2499999999,383.41,380.67,,382.71
609,2008.33333333323,383.21,384.01,385.74,384.22
610,2008.41666666656,384.41,391.5,388.38,385.81
611,2008.4999999998902,385.79,393.89,391.36,386.96
612,2008.5833333332203,387.17,395.08,390.13,387.65
613,2008.6666666665503,387.7,398.46,394.2,388.06
614,2008.7499999998804,389.04,397.12,393.59,388.24
615,2008.8333333332105,389.76,392.98,390.61,388.2
616,2008.9166666665406,390.36,387.56,388.59,387.75
617,2008.9999999998706,389.7,382.83,385.34,386.55
618,2009.0833333332007,388.25,381.43,381.94,384.87
619,2009.1666666665308,386.29,381.57,381.78,383.81
620,2009.2499999998608,384.95,383.52,381.38,384.24
621,2009.333333333191,384.64,388.67,385.4,385.93
622,2009.416666666521,386.23,391.86,388.84,387.52
623,2009.499999999851,387.63,395.79,393.04,388.53
624,2009.5833333331811,388.91,401.04,393.08,389.32
625,2009.6666666665112,390.41,400.77,394.65,389.87
626,2009.7499999998413,391.37,398.02,394.29,390.04
627,2009.8333333331714,392.67,395.32,393.24,390.13
628,2009.9166666665014,393.21,392.64,390.56,389.74
629,2009.9999999998315,392.38,384.77,385.94,388.62
630,2010.0833333331616,390.41,385.29,384.34,387.09
631,2010.1666666664917,388.54,379.85,383.18,386.27
632,2010.2499999998217,387.03,384.64,384.24,386.86
633,2010.3333333331518,387.43,393.95,389.78,388.5
634,2010.416666666482,388.87,399.96,393.49,390.04
635,2010.499999999812,389.99,402.83,395.86,391.03
636,2010.583333333142,391.5,398.47,,391.63
637,2010.666666666472,392.05,401.04,,392.09
638,2010.7499999998022,392.8,401.59,396.9,392.28
639,2010.8333333331323,393.44,395.39,395.35,392.15
640,2010.9166666664623,394.41,390.23,392.93,391.72
641,2010.9999999997924,393.95,390.22,391.27,390.56
642,2011.0833333331225,392.72,386.76,386.11,388.96
643,2011.1666666664526,390.33,385.98,386.41,388.06
644,2011.2499999997826,389.28,385.21,386.52,388.5
645,2011.3333333331127,389.19,391.58,389.94,390.24
646,2011.4166666664428,390.48,396.15,392.71,391.8
647,2011.4999999997729,392.06,397.12,395.73,392.74
648,2011.583333333103,393.31,399.56,397.89,393.48
649,2011.666666666433,394.04,403.12,399.87,393.96
650,2011.749999999763,394.59,401.0,398.93,394.17
651,2011.8333333330932,396.38,398.93,400.21,394.22
652,2011.9166666664232,396.93,396.4,395.78,393.75
653,2011.9999999997533,395.91,392.32,393.41,392.64
654,2012.0833333330834,394.56,388.38,389.71,391.09
655,2012.1666666664134,392.59,387.04,388.36,390.28
656,2012.2499999997435,391.32,388.51,390.43,390.91
657,2012.3333333330736,391.27,395.74,393.79,392.71
658,2012.4166666664037,393.2,399.25,397.18,394.31
659,2012.4999999997337,394.57,401.48,399.81,395.4
660,2012.5833333330638,395.78,405.46,401.87,396.1
661,2012.666666666394,397.03,410.17,404.08,396.62
662,2012.749999999724,397.66,406.82,403.89,396.91
663,2012.833333333054,398.64,405.83,403.09,397.11
664,2012.9166666663841,400.02,398.37,399.12,396.7
665,2012.9999999997142,398.81,393.6,395.13,395.63
666,2013.0833333330443,397.51,389.77,,394.02
667,2013.1666666663743,395.39,387.38,386.96,393.16
668,2013.2499999997044,393.72,390.98,392.13,393.47
669,2013.3333333330345,393.9,398.56,396.74,395.17
670,2013.4166666663646,395.36,404.77,400.76,396.63
671,2013.49999999969,397.03,400.53,400.21,397.66
672,2013.5833333330247,398.04,404.69,402.02,398.34
673,2013.6666666663548,398.27,403.8,403.29,398.73
674,2013.7499999996849,399.91,405.51,403.84,399.01
675,2013.833333333015,401.51,404.4,401.78,398.96
676,2013.916666666345,401.96,399.87,400.48,398.65
677,2013.999999999675,401.43,395.44,396.49,397.47
678,2014.0833333330052,399.38,394.16,394.36,395.81
679,2014.1666666663352,397.32,388.53,389.61,394.87
680,2014.2499999996653,395.64,394.79,394.33,395.41
681,2014.3333333329954,396.29,399.38,397.85,396.99
682,2014.4166666663255,397.55,402.41,399.24,398.62
683,2014.4999999996555,399.15,410.04,403.29,399.69
684,2014.5833333329856,400.18,407.1,403.64,400.35
685,2014.6666666663157,400.55,408.67,404.77,400.87
686,2014.7499999996458,401.74,409.83,405.33,401.14
687,2014.8333333329758,403.35,404.82,403.63,401.15
688,2014.916666666306,404.15,400.13,400.98,400.77
689,2014.999999999636,402.97,397.58,,399.64
690,2015.083333332966,401.46,396.07,396.53,398.21
691,2015.1666666662961,399.11,396.33,,397.31
692,2015.2499999996262,397.82,394.72,394.71,397.86
693,2015.3333333329563,398.49,406.03,402.15,399.69
694,2015.4166666662863,400.27,404.75,,401.29
695,2015.49999999969,402.06,404.24,402.33,402.44
696,2015.58333333299,402.73,408.02,406.47,403.34
697,2015.66666666632,404.25,410.88,408.36,403.84
698,2015.74999999965,405.06,412.57,409.56,404.35
699,2015.83333333298,407.6,408.47,407.54,404.45
700,2015.91666666631,407.9,404.5,404.47,404.16
701,2015.99999999964,406.99,400.86,401.42,403.07
702,2016.08333333297,404.59,398.96,399.08,401.51
703,2016.1666666663,402.45,396.01,397.09,400.66
704,2016.24999999963,401.23,401.67,398.9,401.39
705,2016.33333333296,401.79,408.1,405.49,402.99
706,2016.41666666629,403.72,411.59,407.46,404.43
707,2016.49999999969,404.64,409.14,406.93,405.39
708,2016.58333333299,406.36,413.96,410.49,406.16
709,2016.66666666632,406.66,413.89,410.49,406.63
710,2016.74999999965,407.53,412.61,410.58,406.86
711,2016.83333333298,409.22,411.99,411.13,406.89
712,2016.91666666631,409.89,407.9,408.71,406.56
713,2016.99999999964,409.08,403.32,405.24,405.35
714,2017.08333333297,407.33,401.58,401.66,403.77
715,2017.1666666663,405.32,399.56,400.31,402.66
716,2017.24999999963,403.57,399.73,399.88,403.13
717,2017.33333333296,403.82,404.72,404.48,404.86
718,2017.41666666629,405.31,412.62,408.5,406.48
719,2017.49999999969,407.0,413.27,410.9,407.46
720,2017.58333333299,408.15,413.15,410.5,408.2
721,2017.66666666632,408.52,420.41,414.75,408.83
722,2017.74999999965,409.59,417.51,414.98,409.11
723,2017.83333333298,410.45,413.44,412.22,409.18
724,2017.91666666631,411.44,406.9,407.85,408.61
725,2017.99999999964,410.99,404.46,405.71,407.61
726,2018.08333333297,408.9,403.56,403.1,406.01
727,2018.1666666663,407.16,404.66,402.93,405.11
728,2018.24999999963,405.71,405.2,404.32,405.52
729,2018.33333333296,406.19,410.41,407.13,407.25
730,2018.41666666629,408.21,415.14,411.29,408.95
731,2018.49999999969,409.27,415.49,412.66,410.0
732,2018.58333333295,411.03,418.35,414.88,410.72
733,2018.66666666628,411.96,415.79,414.27,411.14
734,2018.74999999961,412.18,416.2,415.11,411.43
735,2018.83333333294,413.54,416.42,415.42,411.66
736,2018.91666666627,414.86,411.75,412.16,411.37
737,2018.9999999996,414.16,410.78,411.7,410.34
738,2019.08333333293,411.97,405.83,406.88,408.77
739,2019.16666666626,410.18,403.04,403.61,407.84
740,2019.24999999959,408.76,403.87,405.61,408.43
741,2019.33333333292,408.75,412.92,409.62,410.08
742,2019.41666666625,410.48,417.07,414.2,411.67
743,2019.49999999958,411.98,416.7,415.09,412.58
744,2019.58333333291,413.61,,415.29,
745,2019.66666666624,414.34,,416.77,
746,2019.74999999957,414.74,,418.09,
747,2019.8333333329,416.45,,416.07,
748,2019.91666666623,417.31,,415.0,
749,2019.99999999956,416.62,,411.48,
750,2020.08333333289,414.62,,408.1,
751,2020.16666666622,412.78,,407.82,
752,2020.24999999955,411.52,,408.73,
753,2020.33333333288,411.51,,413.26,
754,2020.41666666621,413.11,,414.34,
755,2020.49999999954,414.25,,418.32,
